{"cameraMode":{"drawMode":0,"name":"Shaded","section":"Shading Mode"},"sceneLighting":true,"audioPlay":false,"sceneViewState":{"showFog":true,"showMaterialUpdate":false,"showSkybox":true,"showFlares":true,"showImageEffects":true,"showParticleSystems":true,"showVisualEffectGraphs":true,"m_FxEnabled":true},"in2DMode":false,"pivot":{"x":0.005576515570282936,"y":0.0009255632758140564,"z":-0.37520647048950198},"rotation":{"x":0.5732616186141968,"y":-0.006145091727375984,"z":0.004299612250179052,"w":0.8193395137786865},"size":0.08773210644721985,"orthographic":true}